song,album,prev,lyric,next,artist
Avalanche,From Her To Eternity,,I stepped into an avalanche,It covered up my soul,Nick Cave & The Bad Seeds
Avalanche,From Her To Eternity,I stepped into an avalanche,It covered up my soul,When I am not this hunchback that you see,Nick Cave & The Bad Seeds
Avalanche,From Her To Eternity,It covered up my soul,When I am not this hunchback that you see,I sleep beneath the golden hill,Nick Cave & The Bad Seeds
Avalanche,From Her To Eternity,When I am not this hunchback that you see,I sleep beneath the golden hill,"You, who wish to conquer pain",Nick Cave & The Bad Seeds
Avalanche,From Her To Eternity,I sleep beneath the golden hill,"You, who wish to conquer pain","You, must learn, learn to serve me well",Nick Cave & The Bad Seeds
Avalanche,From Her To Eternity,"You, who wish to conquer pain","You, must learn, learn to serve me well",,Nick Cave & The Bad Seeds
Avalanche,From Her To Eternity,"You, must learn, learn to serve me well",,You strike my side by accident,Nick Cave & The Bad Seeds
Avalanche,From Her To Eternity,,You strike my side by accident,As you go down to your goal,Nick Cave & The Bad Seeds
Avalanche,From Her To Eternity,You strike my side by accident,As you go down to your goal,This cripple here that you clothe and feed,Nick Cave & The Bad Seeds
Avalanche,From Her To Eternity,As you go down to your goal,This cripple here that you clothe and feed,Is neither starved nor cold,Nick Cave & The Bad Seeds
Avalanche,From Her To Eternity,This cripple here that you clothe and feed,Is neither starved nor cold,He does not ask for your company,Nick Cave & The Bad Seeds
Avalanche,From Her To Eternity,Is neither starved nor cold,He does not ask for your company,"Not at the centre, the centre of the world",Nick Cave & The Bad Seeds
Avalanche,From Her To Eternity,He does not ask for your company,"Not at the centre, the centre of the world",,Nick Cave & The Bad Seeds
Avalanche,From Her To Eternity,"Not at the centre, the centre of the world",,And I am on a pedestal,Nick Cave & The Bad Seeds
Avalanche,From Her To Eternity,,And I am on a pedestal,You did not raise me there,Nick Cave & The Bad Seeds
Avalanche,From Her To Eternity,And I am on a pedestal,You did not raise me there,Your laws do not compel me now,Nick Cave & The Bad Seeds
Avalanche,From Her To Eternity,You did not raise me there,Your laws do not compel me now,To kneel grotesque and bare,Nick Cave & The Bad Seeds
Avalanche,From Her To Eternity,Your laws do not compel me now,To kneel grotesque and bare,"I, myself, am the pedestal",Nick Cave & The Bad Seeds
Avalanche,From Her To Eternity,To kneel grotesque and bare,"I, myself, am the pedestal",For this ugly hump at which you stare,Nick Cave & The Bad Seeds
Avalanche,From Her To Eternity,"I, myself, am the pedestal",For this ugly hump at which you stare,,Nick Cave & The Bad Seeds
Avalanche,From Her To Eternity,For this ugly hump at which you stare,,You who wish to conquer pain,Nick Cave & The Bad Seeds
Avalanche,From Her To Eternity,,You who wish to conquer pain,You must learn what makes me kind,Nick Cave & The Bad Seeds
Avalanche,From Her To Eternity,You who wish to conquer pain,You must learn what makes me kind,The crumbs of love that you offer me,Nick Cave & The Bad Seeds
Avalanche,From Her To Eternity,You must learn what makes me kind,The crumbs of love that you offer me,Are the crumbs I’ve left behind,Nick Cave & The Bad Seeds
Avalanche,From Her To Eternity,The crumbs of love that you offer me,Are the crumbs I’ve left behind,Your pain is no credential here,Nick Cave & The Bad Seeds
Avalanche,From Her To Eternity,Are the crumbs I’ve left behind,Your pain is no credential here,It’s just a shadow of my wound,Nick Cave & The Bad Seeds
Avalanche,From Her To Eternity,Your pain is no credential here,It’s just a shadow of my wound,,Nick Cave & The Bad Seeds
Avalanche,From Her To Eternity,It’s just a shadow of my wound,,I have begun to ask for you,Nick Cave & The Bad Seeds
Avalanche,From Her To Eternity,,I have begun to ask for you,"I, who have no greed",Nick Cave & The Bad Seeds
Avalanche,From Her To Eternity,I have begun to ask for you,"I, who have no greed",I have begun to long for you,Nick Cave & The Bad Seeds
Avalanche,From Her To Eternity,"I, who have no greed",I have begun to long for you,"I, who have no need",Nick Cave & The Bad Seeds
Avalanche,From Her To Eternity,I have begun to long for you,"I, who have no need",You say you’ve gone away from me,Nick Cave & The Bad Seeds
Avalanche,From Her To Eternity,"I, who have no need",You say you’ve gone away from me,But I can feel you when you breathe,Nick Cave & The Bad Seeds
Avalanche,From Her To Eternity,You say you’ve gone away from me,But I can feel you when you breathe,,Nick Cave & The Bad Seeds
Avalanche,From Her To Eternity,But I can feel you when you breathe,,Do not dress in those rags for me,Nick Cave & The Bad Seeds
Avalanche,From Her To Eternity,,Do not dress in those rags for me,I know you are not poor,Nick Cave & The Bad Seeds
Avalanche,From Her To Eternity,Do not dress in those rags for me,I know you are not poor,And do not love me quite so fiercely now,Nick Cave & The Bad Seeds
Avalanche,From Her To Eternity,I know you are not poor,And do not love me quite so fiercely now,When you know that you are not sure,Nick Cave & The Bad Seeds
Avalanche,From Her To Eternity,And do not love me quite so fiercely now,When you know that you are not sure,"It is your turn, my beloved one",Nick Cave & The Bad Seeds
Avalanche,From Her To Eternity,When you know that you are not sure,"It is your turn, my beloved one",It is your flesh that I wear,Nick Cave & The Bad Seeds
Avalanche,From Her To Eternity,"It is your turn, my beloved one",It is your flesh that I wear,,Nick Cave & The Bad Seeds
Muddy Water,Kicking Against The Pricks,,"Mary, grab the baby, the river’s rising",Muddy water taking back the land,Nick Cave & The Bad Seeds
Muddy Water,Kicking Against The Pricks,"Mary, grab the baby, the river’s rising",Muddy water taking back the land,"The old-frame house, she can’t take-a one more beating",Nick Cave & The Bad Seeds
Muddy Water,Kicking Against The Pricks,Muddy water taking back the land,"The old-frame house, she can’t take-a one more beating",Ain’t no use to stay and make a stand,Nick Cave & The Bad Seeds
Muddy Water,Kicking Against The Pricks,"The old-frame house, she can’t take-a one more beating",Ain’t no use to stay and make a stand,,Nick Cave & The Bad Seeds
Muddy Water,Kicking Against The Pricks,Ain’t no use to stay and make a stand,,Well the morning light shows water in the valley,Nick Cave & The Bad Seeds
Muddy Water,Kicking Against The Pricks,,Well the morning light shows water in the valley,Daddy’s grave just went below the line,Nick Cave & The Bad Seeds
Muddy Water,Kicking Against The Pricks,Well the morning light shows water in the valley,Daddy’s grave just went below the line,"Things to say, you just can’t take ’em with ya",Nick Cave & The Bad Seeds
Muddy Water,Kicking Against The Pricks,Daddy’s grave just went below the line,"Things to say, you just can’t take ’em with ya",This flood will swallow all you’ve left behind,Nick Cave & The Bad Seeds
Muddy Water,Kicking Against The Pricks,"Things to say, you just can’t take ’em with ya",This flood will swallow all you’ve left behind,,Nick Cave & The Bad Seeds
Muddy Water,Kicking Against The Pricks,This flood will swallow all you’ve left behind,,Won’t be back to start all over,Nick Cave & The Bad Seeds
Muddy Water,Kicking Against The Pricks,,Won’t be back to start all over,Cause what I felt before is gone,Nick Cave & The Bad Seeds
Muddy Water,Kicking Against The Pricks,Won’t be back to start all over,Cause what I felt before is gone,"Mary, take the child, the river’s rising",Nick Cave & The Bad Seeds
Muddy Water,Kicking Against The Pricks,Cause what I felt before is gone,"Mary, take the child, the river’s rising",Muddy water taking back my home,Nick Cave & The Bad Seeds
Muddy Water,Kicking Against The Pricks,"Mary, take the child, the river’s rising",Muddy water taking back my home,,Nick Cave & The Bad Seeds
Muddy Water,Kicking Against The Pricks,Muddy water taking back my home,,"The road is gone, there’s just one way to leave here",Nick Cave & The Bad Seeds
Muddy Water,Kicking Against The Pricks,,"The road is gone, there’s just one way to leave here",Turn my back on what I’ve left below,Nick Cave & The Bad Seeds
Muddy Water,Kicking Against The Pricks,"The road is gone, there’s just one way to leave here",Turn my back on what I’ve left below,"Shifting land, broken farms around me",Nick Cave & The Bad Seeds
Muddy Water,Kicking Against The Pricks,Turn my back on what I’ve left below,"Shifting land, broken farms around me",Muddy water’s changing all I know,Nick Cave & The Bad Seeds
Muddy Water,Kicking Against The Pricks,"Shifting land, broken farms around me",Muddy water’s changing all I know,,Nick Cave & The Bad Seeds
Muddy Water,Kicking Against The Pricks,Muddy water’s changing all I know,,It’s hard to say just what I’m losing,Nick Cave & The Bad Seeds
Muddy Water,Kicking Against The Pricks,,It’s hard to say just what I’m losing,Ain’t never felt so all alone,Nick Cave & The Bad Seeds
Muddy Water,Kicking Against The Pricks,It’s hard to say just what I’m losing,Ain’t never felt so all alone,"Mary, take the child, the river’s rising",Nick Cave & The Bad Seeds
Muddy Water,Kicking Against The Pricks,Ain’t never felt so all alone,"Mary, take the child, the river’s rising",Muddy water taking back my home,Nick Cave & The Bad Seeds
Muddy Water,Kicking Against The Pricks,"Mary, take the child, the river’s rising",Muddy water taking back my home,,Nick Cave & The Bad Seeds
Muddy Water,Kicking Against The Pricks,Muddy water taking back my home,,Won’t be back to start all over,Nick Cave & The Bad Seeds
Muddy Water,Kicking Against The Pricks,,Won’t be back to start all over,Cause what I felt before is gone,Nick Cave & The Bad Seeds
Muddy Water,Kicking Against The Pricks,Won’t be back to start all over,Cause what I felt before is gone,"Mary, take the child, the river’s rising",Nick Cave & The Bad Seeds
Muddy Water,Kicking Against The Pricks,Cause what I felt before is gone,"Mary, take the child, the river’s rising",Muddy water’s changing all I know,Nick Cave & The Bad Seeds
Muddy Water,Kicking Against The Pricks,"Mary, take the child, the river’s rising",Muddy water’s changing all I know,Muddy water’s changing all I know,Nick Cave & The Bad Seeds
Muddy Water,Kicking Against The Pricks,Muddy water’s changing all I know,Muddy water’s changing all I know,"Lord, this muddy water is taking back my home",Nick Cave & The Bad Seeds
Muddy Water,Kicking Against The Pricks,Muddy water’s changing all I know,"Lord, this muddy water is taking back my home",,Nick Cave & The Bad Seeds
I’m Gonna Kill That Woman,Kicking Against The Pricks,,"Yeah, my baby left me this morning","And I don’t care now, I don’t care what the people say",Nick Cave & The Bad Seeds
I’m Gonna Kill That Woman,Kicking Against The Pricks,"Yeah, my baby left me this morning","And I don’t care now, I don’t care what the people say",,Nick Cave & The Bad Seeds
I’m Gonna Kill That Woman,Kicking Against The Pricks,"And I don’t care now, I don’t care what the people say",,"Yeah, my baby left me this morning",Nick Cave & The Bad Seeds
I’m Gonna Kill That Woman,Kicking Against The Pricks,,"Yeah, my baby left me this morning",Lord knows I did everything I could,Nick Cave & The Bad Seeds
I’m Gonna Kill That Woman,Kicking Against The Pricks,"Yeah, my baby left me this morning",Lord knows I did everything I could,And I don’t care what the people say,Nick Cave & The Bad Seeds
I’m Gonna Kill That Woman,Kicking Against The Pricks,Lord knows I did everything I could,And I don’t care what the people say,"Yeah I did everything I could, that I could",Nick Cave & The Bad Seeds
I’m Gonna Kill That Woman,Kicking Against The Pricks,And I don’t care what the people say,"Yeah I did everything I could, that I could",,Nick Cave & The Bad Seeds
I’m Gonna Kill That Woman,Kicking Against The Pricks,"Yeah I did everything I could, that I could",,Lord knows I did everything I could,Nick Cave & The Bad Seeds
I’m Gonna Kill That Woman,Kicking Against The Pricks,,Lord knows I did everything I could,"I tried to satisfy her worried mind, that’s what I did",Nick Cave & The Bad Seeds
I’m Gonna Kill That Woman,Kicking Against The Pricks,Lord knows I did everything I could,"I tried to satisfy her worried mind, that’s what I did","Yeah, yeah, yeah, I did every – I did everything I could, I did everything I could",Nick Cave & The Bad Seeds
I’m Gonna Kill That Woman,Kicking Against The Pricks,"I tried to satisfy her worried mind, that’s what I did","Yeah, yeah, yeah, I did every – I did everything I could, I did everything I could","Lord knows I did, I did what I could",Nick Cave & The Bad Seeds
I’m Gonna Kill That Woman,Kicking Against The Pricks,"Yeah, yeah, yeah, I did every – I did everything I could, I did everything I could","Lord knows I did, I did what I could",I tried to satisfy her worried mind,Nick Cave & The Bad Seeds
I’m Gonna Kill That Woman,Kicking Against The Pricks,"Lord knows I did, I did what I could",I tried to satisfy her worried mind,,Nick Cave & The Bad Seeds
I’m Gonna Kill That Woman,Kicking Against The Pricks,I tried to satisfy her worried mind,,"You know she was nothing but trouble, trouble",Nick Cave & The Bad Seeds
I’m Gonna Kill That Woman,Kicking Against The Pricks,,"You know she was nothing but trouble, trouble","You know she was nothing but trouble, trouble",Nick Cave & The Bad Seeds
I’m Gonna Kill That Woman,Kicking Against The Pricks,"You know she was nothing but trouble, trouble","You know she was nothing but trouble, trouble",She keep me worried all the time,Nick Cave & The Bad Seeds
I’m Gonna Kill That Woman,Kicking Against The Pricks,"You know she was nothing but trouble, trouble",She keep me worried all the time,"Oh, god knows, god knows her movements are killing me",Nick Cave & The Bad Seeds
I’m Gonna Kill That Woman,Kicking Against The Pricks,She keep me worried all the time,"Oh, god knows, god knows her movements are killing me",God knows her movements are killing me,Nick Cave & The Bad Seeds
I’m Gonna Kill That Woman,Kicking Against The Pricks,"Oh, god knows, god knows her movements are killing me",God knows her movements are killing me,,Nick Cave & The Bad Seeds
I’m Gonna Kill That Woman,Kicking Against The Pricks,God knows her movements are killing me,,"Yeah, yeah, yeah, my baby stayed out all night long, all night long",Nick Cave & The Bad Seeds
I’m Gonna Kill That Woman,Kicking Against The Pricks,,"Yeah, yeah, yeah, my baby stayed out all night long, all night long",She keep me worried all the time,Nick Cave & The Bad Seeds
I’m Gonna Kill That Woman,Kicking Against The Pricks,"Yeah, yeah, yeah, my baby stayed out all night long, all night long",She keep me worried all the time,"Yeah, yeah, yeah, my baby stayed out all night long, all night long",Nick Cave & The Bad Seeds
I’m Gonna Kill That Woman,Kicking Against The Pricks,She keep me worried all the time,"Yeah, yeah, yeah, my baby stayed out all night long, all night long",She keep me worried all the time,Nick Cave & The Bad Seeds
I’m Gonna Kill That Woman,Kicking Against The Pricks,"Yeah, yeah, yeah, my baby stayed out all night long, all night long",She keep me worried all the time,,Nick Cave & The Bad Seeds
I’m Gonna Kill That Woman,Kicking Against The Pricks,She keep me worried all the time,,"Yeah, yeah, yeah, I lay down last night I was thinking, I lay down",Nick Cave & The Bad Seeds
I’m Gonna Kill That Woman,Kicking Against The Pricks,,"Yeah, yeah, yeah, I lay down last night I was thinking, I lay down",I lay down last night I was thinking,Nick Cave & The Bad Seeds
I’m Gonna Kill That Woman,Kicking Against The Pricks,"Yeah, yeah, yeah, I lay down last night I was thinking, I lay down",I lay down last night I was thinking,Must I kill that woman? Must I kill that woman?,Nick Cave & The Bad Seeds
I’m Gonna Kill That Woman,Kicking Against The Pricks,I lay down last night I was thinking,Must I kill that woman? Must I kill that woman?,"Oh Lord, I get down on my knees",Nick Cave & The Bad Seeds
I’m Gonna Kill That Woman,Kicking Against The Pricks,Must I kill that woman? Must I kill that woman?,"Oh Lord, I get down on my knees",They tell me God forgivin’,Nick Cave & The Bad Seeds
I’m Gonna Kill That Woman,Kicking Against The Pricks,"Oh Lord, I get down on my knees",They tell me God forgivin’,They tell me God forgivin’ everything you do,Nick Cave & The Bad Seeds
I’m Gonna Kill That Woman,Kicking Against The Pricks,They tell me God forgivin’,They tell me God forgivin’ everything you do,But I don’t care what the people say,Nick Cave & The Bad Seeds
I’m Gonna Kill That Woman,Kicking Against The Pricks,They tell me God forgivin’ everything you do,But I don’t care what the people say,I’m gonna kill that woman,Nick Cave & The Bad Seeds
I’m Gonna Kill That Woman,Kicking Against The Pricks,But I don’t care what the people say,I’m gonna kill that woman,"I’m gonna kill that woman, God knows",Nick Cave & The Bad Seeds
I’m Gonna Kill That Woman,Kicking Against The Pricks,I’m gonna kill that woman,"I’m gonna kill that woman, God knows",I’m gonna get down on my knees,Nick Cave & The Bad Seeds
I’m Gonna Kill That Woman,Kicking Against The Pricks,"I’m gonna kill that woman, God knows",I’m gonna get down on my knees,,Nick Cave & The Bad Seeds
Sleeping Annaleah,Kicking Against The Pricks,,Yesterday the sun was shining but you’re finding the sun it,Don’t shine all the time,Nick Cave & The Bad Seeds
Sleeping Annaleah,Kicking Against The Pricks,Yesterday the sun was shining but you’re finding the sun it,Don’t shine all the time,A winter day suddenly came your way,Nick Cave & The Bad Seeds
Sleeping Annaleah,Kicking Against The Pricks,Don’t shine all the time,A winter day suddenly came your way,And you ran into your mind,Nick Cave & The Bad Seeds
Sleeping Annaleah,Kicking Against The Pricks,A winter day suddenly came your way,And you ran into your mind,,Nick Cave & The Bad Seeds
Sleeping Annaleah,Kicking Against The Pricks,And you ran into your mind,,Sleeping Annaleah,Nick Cave & The Bad Seeds
Sleeping Annaleah,Kicking Against The Pricks,,Sleeping Annaleah,Weeping Annaleah,Nick Cave & The Bad Seeds
Sleeping Annaleah,Kicking Against The Pricks,Sleeping Annaleah,Weeping Annaleah,Do you think you’re ready for me?,Nick Cave & The Bad Seeds
Sleeping Annaleah,Kicking Against The Pricks,Weeping Annaleah,Do you think you’re ready for me?,,Nick Cave & The Bad Seeds
Sleeping Annaleah,Kicking Against The Pricks,Do you think you’re ready for me?,,"Oh and yesterday is gone forever and ever, never",Nick Cave & The Bad Seeds
Sleeping Annaleah,Kicking Against The Pricks,,"Oh and yesterday is gone forever and ever, never",To be again,Nick Cave & The Bad Seeds
Sleeping Annaleah,Kicking Against The Pricks,"Oh and yesterday is gone forever and ever, never",To be again,"You looked for the sunshine, that brought warmth to your mind",Nick Cave & The Bad Seeds
Sleeping Annaleah,Kicking Against The Pricks,To be again,"You looked for the sunshine, that brought warmth to your mind",But find only rain,Nick Cave & The Bad Seeds
Sleeping Annaleah,Kicking Against The Pricks,"You looked for the sunshine, that brought warmth to your mind",But find only rain,,Nick Cave & The Bad Seeds
Sleeping Annaleah,Kicking Against The Pricks,But find only rain,,Sleeping Annaleah,Nick Cave & The Bad Seeds
Sleeping Annaleah,Kicking Against The Pricks,,Sleeping Annaleah,Weeping Annaleah,Nick Cave & The Bad Seeds
Sleeping Annaleah,Kicking Against The Pricks,Sleeping Annaleah,Weeping Annaleah,"No, you’re not ready for me",Nick Cave & The Bad Seeds
Sleeping Annaleah,Kicking Against The Pricks,Weeping Annaleah,"No, you’re not ready for me","But when yesterday becomes a memory, a memory",Nick Cave & The Bad Seeds
Sleeping Annaleah,Kicking Against The Pricks,"No, you’re not ready for me","But when yesterday becomes a memory, a memory",That we uncovered in time,Nick Cave & The Bad Seeds
Sleeping Annaleah,Kicking Against The Pricks,"But when yesterday becomes a memory, a memory",That we uncovered in time,If you still remember that cold September,Nick Cave & The Bad Seeds
Sleeping Annaleah,Kicking Against The Pricks,That we uncovered in time,If you still remember that cold September,I reigned in your mind,Nick Cave & The Bad Seeds
Sleeping Annaleah,Kicking Against The Pricks,If you still remember that cold September,I reigned in your mind,Sleeping Annaleah,Nick Cave & The Bad Seeds
Sleeping Annaleah,Kicking Against The Pricks,I reigned in your mind,Sleeping Annaleah,Weeping Annaleah,Nick Cave & The Bad Seeds
Sleeping Annaleah,Kicking Against The Pricks,Sleeping Annaleah,Weeping Annaleah,Then you’d be ready for me,Nick Cave & The Bad Seeds
Sleeping Annaleah,Kicking Against The Pricks,Weeping Annaleah,Then you’d be ready for me,,Nick Cave & The Bad Seeds
Sleeping Annaleah,Kicking Against The Pricks,Then you’d be ready for me,,Sleeping Annaleah,Nick Cave & The Bad Seeds
Sleeping Annaleah,Kicking Against The Pricks,,Sleeping Annaleah,Weeping Annaleah,Nick Cave & The Bad Seeds
Sleeping Annaleah,Kicking Against The Pricks,Sleeping Annaleah,Weeping Annaleah,Sleeping Annaleah,Nick Cave & The Bad Seeds
Sleeping Annaleah,Kicking Against The Pricks,Weeping Annaleah,Sleeping Annaleah,Weeping Annaleah,Nick Cave & The Bad Seeds
Sleeping Annaleah,Kicking Against The Pricks,Sleeping Annaleah,Weeping Annaleah,Sleeping Annaleah,Nick Cave & The Bad Seeds
Sleeping Annaleah,Kicking Against The Pricks,Weeping Annaleah,Sleeping Annaleah,Weeping Annaleah,Nick Cave & The Bad Seeds
Sleeping Annaleah,Kicking Against The Pricks,Sleeping Annaleah,Weeping Annaleah,,Nick Cave & The Bad Seeds
Long Black Veil,Kicking Against The Pricks,,She walks these hills in a long black veil,She visits my grave when the night winds wail,Nick Cave & The Bad Seeds
Long Black Veil,Kicking Against The Pricks,She walks these hills in a long black veil,She visits my grave when the night winds wail,"Nobody knows, nobody sees",Nick Cave & The Bad Seeds
Long Black Veil,Kicking Against The Pricks,She visits my grave when the night winds wail,"Nobody knows, nobody sees",Nobody knows but me,Nick Cave & The Bad Seeds
Long Black Veil,Kicking Against The Pricks,"Nobody knows, nobody sees",Nobody knows but me,,Nick Cave & The Bad Seeds
Long Black Veil,Kicking Against The Pricks,Nobody knows but me,,"Ten years ago, on a cold dark night",Nick Cave & The Bad Seeds
Long Black Veil,Kicking Against The Pricks,,"Ten years ago, on a cold dark night",Someone was killed ‘neath the town hall light,Nick Cave & The Bad Seeds
Long Black Veil,Kicking Against The Pricks,"Ten years ago, on a cold dark night",Someone was killed ‘neath the town hall light,"There were few at the scene, but they all agreed",Nick Cave & The Bad Seeds
Long Black Veil,Kicking Against The Pricks,Someone was killed ‘neath the town hall light,"There were few at the scene, but they all agreed",That the slayer who ran looked a lot like me,Nick Cave & The Bad Seeds
Long Black Veil,Kicking Against The Pricks,"There were few at the scene, but they all agreed",That the slayer who ran looked a lot like me,,Nick Cave & The Bad Seeds
Long Black Veil,Kicking Against The Pricks,That the slayer who ran looked a lot like me,,"The judge, he said: “Son, what is your alibi?",Nick Cave & The Bad Seeds
Long Black Veil,Kicking Against The Pricks,,"The judge, he said: “Son, what is your alibi?","If you were somewhere else, then you won’t have to die”",Nick Cave & The Bad Seeds
Long Black Veil,Kicking Against The Pricks,"The judge, he said: “Son, what is your alibi?","If you were somewhere else, then you won’t have to die”","But I spoke not a word, though it meant my life",Nick Cave & The Bad Seeds
Long Black Veil,Kicking Against The Pricks,"If you were somewhere else, then you won’t have to die”","But I spoke not a word, though it meant my life",For I’d been in the arms of my best friend’s wife,Nick Cave & The Bad Seeds
Long Black Veil,Kicking Against The Pricks,"But I spoke not a word, though it meant my life",For I’d been in the arms of my best friend’s wife,,Nick Cave & The Bad Seeds
Long Black Veil,Kicking Against The Pricks,For I’d been in the arms of my best friend’s wife,,She walks these hills in a long black veil,Nick Cave & The Bad Seeds
Long Black Veil,Kicking Against The Pricks,,She walks these hills in a long black veil,She visits my grave when the night winds wail,Nick Cave & The Bad Seeds
Long Black Veil,Kicking Against The Pricks,She walks these hills in a long black veil,She visits my grave when the night winds wail,"Nobody knows, nobody sees",Nick Cave & The Bad Seeds
Long Black Veil,Kicking Against The Pricks,She visits my grave when the night winds wail,"Nobody knows, nobody sees",Nobody knows but me,Nick Cave & The Bad Seeds
Long Black Veil,Kicking Against The Pricks,"Nobody knows, nobody sees",Nobody knows but me,,Nick Cave & The Bad Seeds
Long Black Veil,Kicking Against The Pricks,Nobody knows but me,,Now the scaffold is high and eternity is near,Nick Cave & The Bad Seeds
Long Black Veil,Kicking Against The Pricks,,Now the scaffold is high and eternity is near,She stood in the crowd but shed not a tear,Nick Cave & The Bad Seeds
Long Black Veil,Kicking Against The Pricks,Now the scaffold is high and eternity is near,She stood in the crowd but shed not a tear,But sometimes at night when the cold winds moan,Nick Cave & The Bad Seeds
Long Black Veil,Kicking Against The Pricks,She stood in the crowd but shed not a tear,But sometimes at night when the cold winds moan,"In a long black veil, she cries on my bones",Nick Cave & The Bad Seeds
Long Black Veil,Kicking Against The Pricks,But sometimes at night when the cold winds moan,"In a long black veil, she cries on my bones",,Nick Cave & The Bad Seeds
Long Black Veil,Kicking Against The Pricks,"In a long black veil, she cries on my bones",,She walks these hills in a long black veil,Nick Cave & The Bad Seeds
Long Black Veil,Kicking Against The Pricks,,She walks these hills in a long black veil,She visits my grave when the night winds wail,Nick Cave & The Bad Seeds
Long Black Veil,Kicking Against The Pricks,She walks these hills in a long black veil,She visits my grave when the night winds wail,"Nobody knows, nobody sees",Nick Cave & The Bad Seeds
Long Black Veil,Kicking Against The Pricks,She visits my grave when the night winds wail,"Nobody knows, nobody sees",Nobody knows but me,Nick Cave & The Bad Seeds
Long Black Veil,Kicking Against The Pricks,"Nobody knows, nobody sees",Nobody knows but me,"No, no, nobody knows but me",Nick Cave & The Bad Seeds
Long Black Veil,Kicking Against The Pricks,Nobody knows but me,"No, no, nobody knows but me",I said nobody knows but me,Nick Cave & The Bad Seeds
Long Black Veil,Kicking Against The Pricks,"No, no, nobody knows but me",I said nobody knows but me,Yeah nobody knows but me,Nick Cave & The Bad Seeds
Long Black Veil,Kicking Against The Pricks,I said nobody knows but me,Yeah nobody knows but me,,Nick Cave & The Bad Seeds
Hey Joe,Kicking Against The Pricks,,Hey Joe,Where you going with that gun in your hand?,Nick Cave & The Bad Seeds
Hey Joe,Kicking Against The Pricks,Hey Joe,Where you going with that gun in your hand?,Hey Joe,Nick Cave & The Bad Seeds
Hey Joe,Kicking Against The Pricks,Where you going with that gun in your hand?,Hey Joe,Where you going with that gun in your hand?,Nick Cave & The Bad Seeds
Hey Joe,Kicking Against The Pricks,Hey Joe,Where you going with that gun in your hand?,,Nick Cave & The Bad Seeds
Hey Joe,Kicking Against The Pricks,Where you going with that gun in your hand?,,I’m gonna shoot my baby,Nick Cave & The Bad Seeds
Hey Joe,Kicking Against The Pricks,,I’m gonna shoot my baby,I caught her messin round,Nick Cave & The Bad Seeds
Hey Joe,Kicking Against The Pricks,I’m gonna shoot my baby,I caught her messin round,With another man,Nick Cave & The Bad Seeds
Hey Joe,Kicking Against The Pricks,I caught her messin round,With another man,,Nick Cave & The Bad Seeds
Hey Joe,Kicking Against The Pricks,With another man,,Hey Joe,Nick Cave & The Bad Seeds
Hey Joe,Kicking Against The Pricks,,Hey Joe,I heard you shot your baby down,Nick Cave & The Bad Seeds
Hey Joe,Kicking Against The Pricks,Hey Joe,I heard you shot your baby down,Hey Joe,Nick Cave & The Bad Seeds
Hey Joe,Kicking Against The Pricks,I heard you shot your baby down,Hey Joe,I heard you shot your baby down,Nick Cave & The Bad Seeds
Hey Joe,Kicking Against The Pricks,Hey Joe,I heard you shot your baby down,,Nick Cave & The Bad Seeds
Hey Joe,Kicking Against The Pricks,I heard you shot your baby down,,Yes I did I shot her,Nick Cave & The Bad Seeds
Hey Joe,Kicking Against The Pricks,,Yes I did I shot her,I went and put her in the ground,Nick Cave & The Bad Seeds
Hey Joe,Kicking Against The Pricks,Yes I did I shot her,I went and put her in the ground,,Nick Cave & The Bad Seeds
Hey Joe,Kicking Against The Pricks,I went and put her in the ground,,Hey Joe,Nick Cave & The Bad Seeds
Hey Joe,Kicking Against The Pricks,,Hey Joe,Where you gonna run to now?,Nick Cave & The Bad Seeds
Hey Joe,Kicking Against The Pricks,Hey Joe,Where you gonna run to now?,Hey Joe,Nick Cave & The Bad Seeds
Hey Joe,Kicking Against The Pricks,Where you gonna run to now?,Hey Joe,Where you gonna run to now?,Nick Cave & The Bad Seeds
Hey Joe,Kicking Against The Pricks,Hey Joe,Where you gonna run to now?,,Nick Cave & The Bad Seeds
Hey Joe,Kicking Against The Pricks,Where you gonna run to now?,,I’m heading way down South,Nick Cave & The Bad Seeds
Hey Joe,Kicking Against The Pricks,,I’m heading way down South,Where I can be free,Nick Cave & The Bad Seeds
Hey Joe,Kicking Against The Pricks,I’m heading way down South,Where I can be free,I’m heading Mexico way,Nick Cave & The Bad Seeds
Hey Joe,Kicking Against The Pricks,Where I can be free,I’m heading Mexico way,No hangman’s about to put a leash around me,Nick Cave & The Bad Seeds
Hey Joe,Kicking Against The Pricks,I’m heading Mexico way,No hangman’s about to put a leash around me,,Nick Cave & The Bad Seeds
The Singer,Kicking Against The Pricks,,As I walk these narrow streets,Where a million passin feet have trod before me,Nick Cave & The Bad Seeds
The Singer,Kicking Against The Pricks,As I walk these narrow streets,Where a million passin feet have trod before me,With my guitar in my hand,Nick Cave & The Bad Seeds
The Singer,Kicking Against The Pricks,Where a million passin feet have trod before me,With my guitar in my hand,Suddenly I realize nobody knows me,Nick Cave & The Bad Seeds
The Singer,Kicking Against The Pricks,With my guitar in my hand,Suddenly I realize nobody knows me,Where yesterday the multitude,Nick Cave & The Bad Seeds
The Singer,Kicking Against The Pricks,Suddenly I realize nobody knows me,Where yesterday the multitude,Screamed and cried my name out for a song,Nick Cave & The Bad Seeds
The Singer,Kicking Against The Pricks,Where yesterday the multitude,Screamed and cried my name out for a song,Today the streets are empty,Nick Cave & The Bad Seeds
The Singer,Kicking Against The Pricks,Screamed and cried my name out for a song,Today the streets are empty,And the crowds have all gone home,Nick Cave & The Bad Seeds
The Singer,Kicking Against The Pricks,Today the streets are empty,And the crowds have all gone home,I pass a million houses,Nick Cave & The Bad Seeds
The Singer,Kicking Against The Pricks,And the crowds have all gone home,I pass a million houses,But there is no place that I belong,Nick Cave & The Bad Seeds
The Singer,Kicking Against The Pricks,I pass a million houses,But there is no place that I belong,All I knew to give you,Nick Cave & The Bad Seeds
The Singer,Kicking Against The Pricks,But there is no place that I belong,All I knew to give you,Was song after song after song,Nick Cave & The Bad Seeds
The Singer,Kicking Against The Pricks,All I knew to give you,Was song after song after song,All the truths I tried to tell you,Nick Cave & The Bad Seeds
The Singer,Kicking Against The Pricks,Was song after song after song,All the truths I tried to tell you,Were as distant to you as the moon,Nick Cave & The Bad Seeds
The Singer,Kicking Against The Pricks,All the truths I tried to tell you,Were as distant to you as the moon,Born two-hundred years too late,Nick Cave & The Bad Seeds
The Singer,Kicking Against The Pricks,Were as distant to you as the moon,Born two-hundred years too late,And two-hundred years too soon,Nick Cave & The Bad Seeds
The Singer,Kicking Against The Pricks,Born two-hundred years too late,And two-hundred years too soon,I’m a child of this age,Nick Cave & The Bad Seeds
The Singer,Kicking Against The Pricks,And two-hundred years too soon,I’m a child of this age,Locked into the pages of your book,Nick Cave & The Bad Seeds
The Singer,Kicking Against The Pricks,I’m a child of this age,Locked into the pages of your book,And when I am but dust and clay,Nick Cave & The Bad Seeds
The Singer,Kicking Against The Pricks,Locked into the pages of your book,And when I am but dust and clay,And all the children stop to take a look,Nick Cave & The Bad Seeds
The Singer,Kicking Against The Pricks,And when I am but dust and clay,And all the children stop to take a look,Will they marvel at the miracles I did perform,Nick Cave & The Bad Seeds
The Singer,Kicking Against The Pricks,And all the children stop to take a look,Will they marvel at the miracles I did perform,And the heights I did aspire,Nick Cave & The Bad Seeds
The Singer,Kicking Against The Pricks,Will they marvel at the miracles I did perform,And the heights I did aspire,Or will they tear out the pages of the book,Nick Cave & The Bad Seeds
The Singer,Kicking Against The Pricks,And the heights I did aspire,Or will they tear out the pages of the book,To light a fire,Nick Cave & The Bad Seeds
The Singer,Kicking Against The Pricks,Or will they tear out the pages of the book,To light a fire,With the rain on my face,Nick Cave & The Bad Seeds
The Singer,Kicking Against The Pricks,To light a fire,With the rain on my face,There is no place where I belong,Nick Cave & The Bad Seeds
The Singer,Kicking Against The Pricks,With the rain on my face,There is no place where I belong,Did you forget this fucking singer so soon?,Nick Cave & The Bad Seeds
The Singer,Kicking Against The Pricks,There is no place where I belong,Did you forget this fucking singer so soon?,And did you forget my song?,Nick Cave & The Bad Seeds
The Singer,Kicking Against The Pricks,Did you forget this fucking singer so soon?,And did you forget my song?,,Nick Cave & The Bad Seeds
All Tomorrow’s Parties,Kicking Against The Pricks,,And what costume shall the poor girl wear,To all tomorrow’s parties,Nick Cave & The Bad Seeds
All Tomorrow’s Parties,Kicking Against The Pricks,And what costume shall the poor girl wear,To all tomorrow’s parties,,Nick Cave & The Bad Seeds
All Tomorrow’s Parties,Kicking Against The Pricks,To all tomorrow’s parties,,A hand-me-down dress from who knows where,Nick Cave & The Bad Seeds
All Tomorrow’s Parties,Kicking Against The Pricks,,A hand-me-down dress from who knows where,To all tomorrow’s parties,Nick Cave & The Bad Seeds
All Tomorrow’s Parties,Kicking Against The Pricks,A hand-me-down dress from who knows where,To all tomorrow’s parties,And where will she go and what shall she do,Nick Cave & The Bad Seeds
All Tomorrow’s Parties,Kicking Against The Pricks,To all tomorrow’s parties,And where will she go and what shall she do,When midnight comes around,Nick Cave & The Bad Seeds
All Tomorrow’s Parties,Kicking Against The Pricks,And where will she go and what shall she do,When midnight comes around,She’ll turn once more to Sunday’s gown,Nick Cave & The Bad Seeds
All Tomorrow’s Parties,Kicking Against The Pricks,When midnight comes around,She’ll turn once more to Sunday’s gown,And cry behind the door,Nick Cave & The Bad Seeds
All Tomorrow’s Parties,Kicking Against The Pricks,She’ll turn once more to Sunday’s gown,And cry behind the door,,Nick Cave & The Bad Seeds
All Tomorrow’s Parties,Kicking Against The Pricks,And cry behind the door,,And what costume shall the poor girl wear,Nick Cave & The Bad Seeds
All Tomorrow’s Parties,Kicking Against The Pricks,,And what costume shall the poor girl wear,To all tomorrow’s parties,Nick Cave & The Bad Seeds
All Tomorrow’s Parties,Kicking Against The Pricks,And what costume shall the poor girl wear,To all tomorrow’s parties,,Nick Cave & The Bad Seeds
All Tomorrow’s Parties,Kicking Against The Pricks,To all tomorrow’s parties,,Why silks and plumes of yesterday’s gowns,Nick Cave & The Bad Seeds
All Tomorrow’s Parties,Kicking Against The Pricks,,Why silks and plumes of yesterday’s gowns,To all tomorrow’s parties,Nick Cave & The Bad Seeds
All Tomorrow’s Parties,Kicking Against The Pricks,Why silks and plumes of yesterday’s gowns,To all tomorrow’s parties,And what shall she do with Thursday’s rags,Nick Cave & The Bad Seeds
All Tomorrow’s Parties,Kicking Against The Pricks,To all tomorrow’s parties,And what shall she do with Thursday’s rags,When Monday comes around,Nick Cave & The Bad Seeds
All Tomorrow’s Parties,Kicking Against The Pricks,And what shall she do with Thursday’s rags,When Monday comes around,She’ll turn once more to Sunday’s clown,Nick Cave & The Bad Seeds
All Tomorrow’s Parties,Kicking Against The Pricks,When Monday comes around,She’ll turn once more to Sunday’s clown,And cry behind the door,Nick Cave & The Bad Seeds
All Tomorrow’s Parties,Kicking Against The Pricks,She’ll turn once more to Sunday’s clown,And cry behind the door,,Nick Cave & The Bad Seeds
All Tomorrow’s Parties,Kicking Against The Pricks,And cry behind the door,,And what costume shall the poor girl wear,Nick Cave & The Bad Seeds
All Tomorrow’s Parties,Kicking Against The Pricks,,And what costume shall the poor girl wear,To all tomorrow’s parties,Nick Cave & The Bad Seeds
All Tomorrow’s Parties,Kicking Against The Pricks,And what costume shall the poor girl wear,To all tomorrow’s parties,,Nick Cave & The Bad Seeds
All Tomorrow’s Parties,Kicking Against The Pricks,To all tomorrow’s parties,,For Thursday’s child is Sunday’s clown,Nick Cave & The Bad Seeds
All Tomorrow’s Parties,Kicking Against The Pricks,,For Thursday’s child is Sunday’s clown,For whom none will go mourning,Nick Cave & The Bad Seeds
All Tomorrow’s Parties,Kicking Against The Pricks,For Thursday’s child is Sunday’s clown,For whom none will go mourning,"A blackened shroud, a hand-me-down gown",Nick Cave & The Bad Seeds
All Tomorrow’s Parties,Kicking Against The Pricks,For whom none will go mourning,"A blackened shroud, a hand-me-down gown","Of rags and silks, a costume",Nick Cave & The Bad Seeds
All Tomorrow’s Parties,Kicking Against The Pricks,"A blackened shroud, a hand-me-down gown","Of rags and silks, a costume",Fit for one who sits and cries,Nick Cave & The Bad Seeds
All Tomorrow’s Parties,Kicking Against The Pricks,"Of rags and silks, a costume",Fit for one who sits and cries,For all tomorrow’s parties,Nick Cave & The Bad Seeds
All Tomorrow’s Parties,Kicking Against The Pricks,Fit for one who sits and cries,For all tomorrow’s parties,,Nick Cave & The Bad Seeds
By The Time I Get To Phoenix,Kicking Against The Pricks,,"By the time I get to Phoenix, she’ll be rising",And she’ll find that note that I left hanging on the door,Nick Cave & The Bad Seeds
By The Time I Get To Phoenix,Kicking Against The Pricks,"By the time I get to Phoenix, she’ll be rising",And she’ll find that note that I left hanging on the door,And she’ll laugh when she reads the part,Nick Cave & The Bad Seeds
By The Time I Get To Phoenix,Kicking Against The Pricks,And she’ll find that note that I left hanging on the door,And she’ll laugh when she reads the part,That says: “I’m leaving”,Nick Cave & The Bad Seeds
By The Time I Get To Phoenix,Kicking Against The Pricks,And she’ll laugh when she reads the part,That says: “I’m leaving”,Cause I’ve left that girl so many times before,Nick Cave & The Bad Seeds
By The Time I Get To Phoenix,Kicking Against The Pricks,That says: “I’m leaving”,Cause I’ve left that girl so many times before,,Nick Cave & The Bad Seeds
By The Time I Get To Phoenix,Kicking Against The Pricks,Cause I’ve left that girl so many times before,,"And by the time I get to Albuquerque, she’ll be working",Nick Cave & The Bad Seeds
By The Time I Get To Phoenix,Kicking Against The Pricks,,"And by the time I get to Albuquerque, she’ll be working",And she’ll take off time just to give me a call,Nick Cave & The Bad Seeds
By The Time I Get To Phoenix,Kicking Against The Pricks,"And by the time I get to Albuquerque, she’ll be working",And she’ll take off time just to give me a call,And she’ll hear that phone keep right on ringing and ringing,Nick Cave & The Bad Seeds
By The Time I Get To Phoenix,Kicking Against The Pricks,And she’ll take off time just to give me a call,And she’ll hear that phone keep right on ringing and ringing,"On the wall, yeah oh, that’s all",Nick Cave & The Bad Seeds
By The Time I Get To Phoenix,Kicking Against The Pricks,And she’ll hear that phone keep right on ringing and ringing,"On the wall, yeah oh, that’s all",,Nick Cave & The Bad Seeds
By The Time I Get To Phoenix,Kicking Against The Pricks,"On the wall, yeah oh, that’s all",,"And by the time I make Oklahoma, she’ll be sleeping",Nick Cave & The Bad Seeds
By The Time I Get To Phoenix,Kicking Against The Pricks,,"And by the time I make Oklahoma, she’ll be sleeping",She’ll turn softly in her sleep and call my name out low,Nick Cave & The Bad Seeds
By The Time I Get To Phoenix,Kicking Against The Pricks,"And by the time I make Oklahoma, she’ll be sleeping",She’ll turn softly in her sleep and call my name out low,And then she’ll cry just to think,Nick Cave & The Bad Seeds
By The Time I Get To Phoenix,Kicking Against The Pricks,She’ll turn softly in her sleep and call my name out low,And then she’ll cry just to think,"That I’d really leave her, I left her",Nick Cave & The Bad Seeds
By The Time I Get To Phoenix,Kicking Against The Pricks,And then she’ll cry just to think,"That I’d really leave her, I left her",But time after time after time I tried to tell her so,Nick Cave & The Bad Seeds
By The Time I Get To Phoenix,Kicking Against The Pricks,"That I’d really leave her, I left her",But time after time after time I tried to tell her so,But she just didn’t know that I would really go,Nick Cave & The Bad Seeds
By The Time I Get To Phoenix,Kicking Against The Pricks,But time after time after time I tried to tell her so,But she just didn’t know that I would really go,That I would really go,Nick Cave & The Bad Seeds
By The Time I Get To Phoenix,Kicking Against The Pricks,But she just didn’t know that I would really go,That I would really go,,Nick Cave & The Bad Seeds
The Hammer Song,Kicking Against The Pricks,,"“Oh please, don’t sell me out”",Said the man with the hammer,Nick Cave & The Bad Seeds
The Hammer Song,Kicking Against The Pricks,"“Oh please, don’t sell me out”",Said the man with the hammer,Hammering the anvil,Nick Cave & The Bad Seeds
The Hammer Song,Kicking Against The Pricks,Said the man with the hammer,Hammering the anvil,“I’ve been walking on the road of rocks,Nick Cave & The Bad Seeds
The Hammer Song,Kicking Against The Pricks,Hammering the anvil,“I’ve been walking on the road of rocks,And I keep on hammering,Nick Cave & The Bad Seeds
The Hammer Song,Kicking Against The Pricks,“I’ve been walking on the road of rocks,And I keep on hammering,Keep on hammering,Nick Cave & The Bad Seeds
The Hammer Song,Kicking Against The Pricks,And I keep on hammering,Keep on hammering,Keep on hammering,Nick Cave & The Bad Seeds
The Hammer Song,Kicking Against The Pricks,Keep on hammering,Keep on hammering,Hammering the anvil.”,Nick Cave & The Bad Seeds
The Hammer Song,Kicking Against The Pricks,Keep on hammering,Hammering the anvil.”,,Nick Cave & The Bad Seeds
The Hammer Song,Kicking Against The Pricks,Hammering the anvil.”,,“Don’t let the sun go down”,Nick Cave & The Bad Seeds
The Hammer Song,Kicking Against The Pricks,,“Don’t let the sun go down”,Said the man with the fire,Nick Cave & The Bad Seeds
The Hammer Song,Kicking Against The Pricks,“Don’t let the sun go down”,Said the man with the fire,Firing the furnace,Nick Cave & The Bad Seeds
The Hammer Song,Kicking Against The Pricks,Said the man with the fire,Firing the furnace,“I’ve been buried in the snow,Nick Cave & The Bad Seeds
The Hammer Song,Kicking Against The Pricks,Firing the furnace,“I’ve been buried in the snow,And I keep on firing,Nick Cave & The Bad Seeds
The Hammer Song,Kicking Against The Pricks,“I’ve been buried in the snow,And I keep on firing,Keep on firing,Nick Cave & The Bad Seeds
The Hammer Song,Kicking Against The Pricks,And I keep on firing,Keep on firing,Keep on firing,Nick Cave & The Bad Seeds
The Hammer Song,Kicking Against The Pricks,Keep on firing,Keep on firing,Firing the furnace.”,Nick Cave & The Bad Seeds
The Hammer Song,Kicking Against The Pricks,Keep on firing,Firing the furnace.”,,Nick Cave & The Bad Seeds
The Hammer Song,Kicking Against The Pricks,Firing the furnace.”,,“Don’t talk to me”,Nick Cave & The Bad Seeds
The Hammer Song,Kicking Against The Pricks,,“Don’t talk to me”,Said the man with the chisel,Nick Cave & The Bad Seeds
The Hammer Song,Kicking Against The Pricks,“Don’t talk to me”,Said the man with the chisel,Chiseling the surface,Nick Cave & The Bad Seeds
The Hammer Song,Kicking Against The Pricks,Said the man with the chisel,Chiseling the surface,“I’ve been sleeping far too long,Nick Cave & The Bad Seeds
The Hammer Song,Kicking Against The Pricks,Chiseling the surface,“I’ve been sleeping far too long,And I keep on chiseling,Nick Cave & The Bad Seeds
The Hammer Song,Kicking Against The Pricks,“I’ve been sleeping far too long,And I keep on chiseling,Keep on chiseling,Nick Cave & The Bad Seeds
The Hammer Song,Kicking Against The Pricks,And I keep on chiseling,Keep on chiseling,Keep on chiseling,Nick Cave & The Bad Seeds
The Hammer Song,Kicking Against The Pricks,Keep on chiseling,Keep on chiseling,Chiseling the surface.”,Nick Cave & The Bad Seeds
The Hammer Song,Kicking Against The Pricks,Keep on chiseling,Chiseling the surface.”,,Nick Cave & The Bad Seeds
The Hammer Song,Kicking Against The Pricks,Chiseling the surface.”,,“I don’t know what you mean”,Nick Cave & The Bad Seeds
The Hammer Song,Kicking Against The Pricks,,“I don’t know what you mean”,Said the man with the shovel,Nick Cave & The Bad Seeds
The Hammer Song,Kicking Against The Pricks,“I don’t know what you mean”,Said the man with the shovel,Shoveling the ashes,Nick Cave & The Bad Seeds
The Hammer Song,Kicking Against The Pricks,Said the man with the shovel,Shoveling the ashes,“I’ve been diggin’ in the frozen ground,Nick Cave & The Bad Seeds
The Hammer Song,Kicking Against The Pricks,Shoveling the ashes,“I’ve been diggin’ in the frozen ground,And I keep on shoveling,Nick Cave & The Bad Seeds
The Hammer Song,Kicking Against The Pricks,“I’ve been diggin’ in the frozen ground,And I keep on shoveling,Keep on shoveling,Nick Cave & The Bad Seeds
The Hammer Song,Kicking Against The Pricks,And I keep on shoveling,Keep on shoveling,Keep on shoveling,Nick Cave & The Bad Seeds
The Hammer Song,Kicking Against The Pricks,Keep on shoveling,Keep on shoveling,Shoveling the ashes.”,Nick Cave & The Bad Seeds
The Hammer Song,Kicking Against The Pricks,Keep on shoveling,Shoveling the ashes.”,,Nick Cave & The Bad Seeds
The Hammer Song,Kicking Against The Pricks,Shoveling the ashes.”,,Chiseling the surface,Nick Cave & The Bad Seeds
The Hammer Song,Kicking Against The Pricks,,Chiseling the surface,Firing the furnace,Nick Cave & The Bad Seeds
The Hammer Song,Kicking Against The Pricks,Chiseling the surface,Firing the furnace,Hammering the anvil,Nick Cave & The Bad Seeds
The Hammer Song,Kicking Against The Pricks,Firing the furnace,Hammering the anvil,Hammering the anvil,Nick Cave & The Bad Seeds
The Hammer Song,Kicking Against The Pricks,Hammering the anvil,Hammering the anvil,,Nick Cave & The Bad Seeds
The Hammer Song,Kicking Against The Pricks,Hammering the anvil,,“Don’t sell me out”,Nick Cave & The Bad Seeds
The Hammer Song,Kicking Against The Pricks,,“Don’t sell me out”,Said the man with the hammer,Nick Cave & The Bad Seeds
The Hammer Song,Kicking Against The Pricks,“Don’t sell me out”,Said the man with the hammer,Hammering the anvil,Nick Cave & The Bad Seeds
The Hammer Song,Kicking Against The Pricks,Said the man with the hammer,Hammering the anvil,“I’ve been walking on the road of rocks,Nick Cave & The Bad Seeds
The Hammer Song,Kicking Against The Pricks,Hammering the anvil,“I’ve been walking on the road of rocks,And I keep on hammering,Nick Cave & The Bad Seeds
The Hammer Song,Kicking Against The Pricks,“I’ve been walking on the road of rocks,And I keep on hammering,Keep on hammering,Nick Cave & The Bad Seeds
The Hammer Song,Kicking Against The Pricks,And I keep on hammering,Keep on hammering,Keep on hammering,Nick Cave & The Bad Seeds
The Hammer Song,Kicking Against The Pricks,Keep on hammering,Keep on hammering,Hammering the anvil.”,Nick Cave & The Bad Seeds
The Hammer Song,Kicking Against The Pricks,Keep on hammering,Hammering the anvil.”,,Nick Cave & The Bad Seeds
The Hammer Song,Kicking Against The Pricks,Hammering the anvil.”,,Shoveling the ashes,Nick Cave & The Bad Seeds
The Hammer Song,Kicking Against The Pricks,,Shoveling the ashes,Chiseling the surface,Nick Cave & The Bad Seeds
The Hammer Song,Kicking Against The Pricks,Shoveling the ashes,Chiseling the surface,Firing the furnace,Nick Cave & The Bad Seeds
The Hammer Song,Kicking Against The Pricks,Chiseling the surface,Firing the furnace,Hammering the anvil,Nick Cave & The Bad Seeds
The Hammer Song,Kicking Against The Pricks,Firing the furnace,Hammering the anvil,"Keeping on, keeping on, keeping on",Nick Cave & The Bad Seeds
The Hammer Song,Kicking Against The Pricks,Hammering the anvil,"Keeping on, keeping on, keeping on",Hammering the anvil,Nick Cave & The Bad Seeds
The Hammer Song,Kicking Against The Pricks,"Keeping on, keeping on, keeping on",Hammering the anvil,,Nick Cave & The Bad Seeds
The Hammer Song,Kicking Against The Pricks,Hammering the anvil,,"I’m gonna keep on, keep on, keep on, keep on hammering",Nick Cave & The Bad Seeds
The Hammer Song,Kicking Against The Pricks,,"I’m gonna keep on, keep on, keep on, keep on hammering","I’m gonna keep on, keep on, keep on, keep on hammering",Nick Cave & The Bad Seeds
The Hammer Song,Kicking Against The Pricks,"I’m gonna keep on, keep on, keep on, keep on hammering","I’m gonna keep on, keep on, keep on, keep on hammering",,Nick Cave & The Bad Seeds
Something’s Gotten Hold Of My Heart,Kicking Against The Pricks,,Something’s gotten hold of my heart,Keeping my soul and my senses apart,Nick Cave & The Bad Seeds
Something’s Gotten Hold Of My Heart,Kicking Against The Pricks,Something’s gotten hold of my heart,Keeping my soul and my senses apart,Something’s gotten into my life,Nick Cave & The Bad Seeds
Something’s Gotten Hold Of My Heart,Kicking Against The Pricks,Keeping my soul and my senses apart,Something’s gotten into my life,Cutting its way through my dreams like a knife,Nick Cave & The Bad Seeds
Something’s Gotten Hold Of My Heart,Kicking Against The Pricks,Something’s gotten into my life,Cutting its way through my dreams like a knife,Turning me up and turning me down,Nick Cave & The Bad Seeds
Something’s Gotten Hold Of My Heart,Kicking Against The Pricks,Cutting its way through my dreams like a knife,Turning me up and turning me down,Making me smile and making me frown,Nick Cave & The Bad Seeds
Something’s Gotten Hold Of My Heart,Kicking Against The Pricks,Turning me up and turning me down,Making me smile and making me frown,,Nick Cave & The Bad Seeds
Something’s Gotten Hold Of My Heart,Kicking Against The Pricks,Making me smile and making me frown,,In a world that was small,Nick Cave & The Bad Seeds
Something’s Gotten Hold Of My Heart,Kicking Against The Pricks,,In a world that was small,I once lived in a time there was peace with no trouble at all,Nick Cave & The Bad Seeds
Something’s Gotten Hold Of My Heart,Kicking Against The Pricks,In a world that was small,I once lived in a time there was peace with no trouble at all,But then you came my way,Nick Cave & The Bad Seeds
Something’s Gotten Hold Of My Heart,Kicking Against The Pricks,I once lived in a time there was peace with no trouble at all,But then you came my way,"And a feeling unknown shook my heart, made me want you to stay",Nick Cave & The Bad Seeds
Something’s Gotten Hold Of My Heart,Kicking Against The Pricks,But then you came my way,"And a feeling unknown shook my heart, made me want you to stay",All of my nights and all of my days,Nick Cave & The Bad Seeds
Something’s Gotten Hold Of My Heart,Kicking Against The Pricks,"And a feeling unknown shook my heart, made me want you to stay",All of my nights and all of my days,,Nick Cave & The Bad Seeds
Something’s Gotten Hold Of My Heart,Kicking Against The Pricks,All of my nights and all of my days,,I gotta tell you now,Nick Cave & The Bad Seeds
Something’s Gotten Hold Of My Heart,Kicking Against The Pricks,,I gotta tell you now,Something’s gotten hold of my hand,Nick Cave & The Bad Seeds
Something’s Gotten Hold Of My Heart,Kicking Against The Pricks,I gotta tell you now,Something’s gotten hold of my hand,Dragging my soul to a beautiful land,Nick Cave & The Bad Seeds
Something’s Gotten Hold Of My Heart,Kicking Against The Pricks,Something’s gotten hold of my hand,Dragging my soul to a beautiful land,Something has invaded my nights,Nick Cave & The Bad Seeds
Something’s Gotten Hold Of My Heart,Kicking Against The Pricks,Dragging my soul to a beautiful land,Something has invaded my nights,Painting my sleep with a colour so bright,Nick Cave & The Bad Seeds
Something’s Gotten Hold Of My Heart,Kicking Against The Pricks,Something has invaded my nights,Painting my sleep with a colour so bright,Changing the grey and changing the blue,Nick Cave & The Bad Seeds
Something’s Gotten Hold Of My Heart,Kicking Against The Pricks,Painting my sleep with a colour so bright,Changing the grey and changing the blue,Scarlet for me and scarlet for you,Nick Cave & The Bad Seeds
Something’s Gotten Hold Of My Heart,Kicking Against The Pricks,Changing the grey and changing the blue,Scarlet for me and scarlet for you,,Nick Cave & The Bad Seeds
Something’s Gotten Hold Of My Heart,Kicking Against The Pricks,Scarlet for me and scarlet for you,,I’ve got to know if this is the real thing,Nick Cave & The Bad Seeds
Something’s Gotten Hold Of My Heart,Kicking Against The Pricks,,I’ve got to know if this is the real thing,I’ve got to know what’s making my heart sing,Nick Cave & The Bad Seeds
Something’s Gotten Hold Of My Heart,Kicking Against The Pricks,I’ve got to know if this is the real thing,I’ve got to know what’s making my heart sing,You smile and I am lost for a lifetime,Nick Cave & The Bad Seeds
Something’s Gotten Hold Of My Heart,Kicking Against The Pricks,I’ve got to know what’s making my heart sing,You smile and I am lost for a lifetime,Each minute spent with you is the right time,Nick Cave & The Bad Seeds
Something’s Gotten Hold Of My Heart,Kicking Against The Pricks,You smile and I am lost for a lifetime,Each minute spent with you is the right time,"Every hour, every day",Nick Cave & The Bad Seeds
Something’s Gotten Hold Of My Heart,Kicking Against The Pricks,Each minute spent with you is the right time,"Every hour, every day",You touch me and my mind goes astray,Nick Cave & The Bad Seeds
Something’s Gotten Hold Of My Heart,Kicking Against The Pricks,"Every hour, every day",You touch me and my mind goes astray,,Nick Cave & The Bad Seeds
Something’s Gotten Hold Of My Heart,Kicking Against The Pricks,You touch me and my mind goes astray,,I gotta tell you now,Nick Cave & The Bad Seeds
Something’s Gotten Hold Of My Heart,Kicking Against The Pricks,,I gotta tell you now,Something’s gotten hold of my hand,Nick Cave & The Bad Seeds
Something’s Gotten Hold Of My Heart,Kicking Against The Pricks,I gotta tell you now,Something’s gotten hold of my hand,Dragging my soul to a beautiful land,Nick Cave & The Bad Seeds
Something’s Gotten Hold Of My Heart,Kicking Against The Pricks,Something’s gotten hold of my hand,Dragging my soul to a beautiful land,Something has invaded my nights,Nick Cave & The Bad Seeds
Something’s Gotten Hold Of My Heart,Kicking Against The Pricks,Dragging my soul to a beautiful land,Something has invaded my nights,Painting my sleep with a colour so bright,Nick Cave & The Bad Seeds
Something’s Gotten Hold Of My Heart,Kicking Against The Pricks,Something has invaded my nights,Painting my sleep with a colour so bright,Changing the grey and changing the blue,Nick Cave & The Bad Seeds
Something’s Gotten Hold Of My Heart,Kicking Against The Pricks,Painting my sleep with a colour so bright,Changing the grey and changing the blue,Scarlet for me and scarlet for you,Nick Cave & The Bad Seeds
Something’s Gotten Hold Of My Heart,Kicking Against The Pricks,Changing the grey and changing the blue,Scarlet for me and scarlet for you,,Nick Cave & The Bad Seeds
Jesus Met The Woman At The Well,Kicking Against The Pricks,,Jesus met the woman at the well,Jesus met the woman at the well,Nick Cave & The Bad Seeds
Jesus Met The Woman At The Well,Kicking Against The Pricks,Jesus met the woman at the well,Jesus met the woman at the well,"And he told her, everything that she’d done, that she’d done",Nick Cave & The Bad Seeds
Jesus Met The Woman At The Well,Kicking Against The Pricks,Jesus met the woman at the well,"And he told her, everything that she’d done, that she’d done",,Nick Cave & The Bad Seeds
Jesus Met The Woman At The Well,Kicking Against The Pricks,"And he told her, everything that she’d done, that she’d done",,"And he said, woman, look-a here woman",Nick Cave & The Bad Seeds
Jesus Met The Woman At The Well,Kicking Against The Pricks,,"And he said, woman, look-a here woman",Tell me where is your husband?,Nick Cave & The Bad Seeds
Jesus Met The Woman At The Well,Kicking Against The Pricks,"And he said, woman, look-a here woman",Tell me where is your husband?,"She said whoa, whoa, whoa, whoa, I don’t have one",Nick Cave & The Bad Seeds
Jesus Met The Woman At The Well,Kicking Against The Pricks,Tell me where is your husband?,"She said whoa, whoa, whoa, whoa, I don’t have one",,Nick Cave & The Bad Seeds
Jesus Met The Woman At The Well,Kicking Against The Pricks,"She said whoa, whoa, whoa, whoa, I don’t have one",,"He said, woman, look-a here woman",Nick Cave & The Bad Seeds
Jesus Met The Woman At The Well,Kicking Against The Pricks,,"He said, woman, look-a here woman",They tell me you have five husbands,Nick Cave & The Bad Seeds
Jesus Met The Woman At The Well,Kicking Against The Pricks,"He said, woman, look-a here woman",They tell me you have five husbands,And that man you have now sure ain’t one,Nick Cave & The Bad Seeds
Jesus Met The Woman At The Well,Kicking Against The Pricks,They tell me you have five husbands,And that man you have now sure ain’t one,,Nick Cave & The Bad Seeds
Jesus Met The Woman At The Well,Kicking Against The Pricks,And that man you have now sure ain’t one,,"She went running, crying, God help me",Nick Cave & The Bad Seeds
Jesus Met The Woman At The Well,Kicking Against The Pricks,,"She went running, crying, God help me","She said whoa, whoa, whoa, whoa, you must be the prophet",Nick Cave & The Bad Seeds
Jesus Met The Woman At The Well,Kicking Against The Pricks,"She went running, crying, God help me","She said whoa, whoa, whoa, whoa, you must be the prophet","She said whoa, whoa, whoa, whoa, you must be the prophet",Nick Cave & The Bad Seeds
Jesus Met The Woman At The Well,Kicking Against The Pricks,"She said whoa, whoa, whoa, whoa, you must be the prophet","She said whoa, whoa, whoa, whoa, you must be the prophet","Because you told me everything that I’ve done, that I’ve done",Nick Cave & The Bad Seeds
Jesus Met The Woman At The Well,Kicking Against The Pricks,"She said whoa, whoa, whoa, whoa, you must be the prophet","Because you told me everything that I’ve done, that I’ve done","Say goodbye, my one true lover",Nick Cave & The Bad Seeds
The Carnival Is Over,Kicking Against The Pricks,,"Say goodbye, my one true lover",And we’ll steal a lover’s song,Nick Cave & The Bad Seeds
The Carnival Is Over,Kicking Against The Pricks,"Say goodbye, my one true lover",And we’ll steal a lover’s song,How it breaks my heart to leave you,Nick Cave & The Bad Seeds
The Carnival Is Over,Kicking Against The Pricks,And we’ll steal a lover’s song,How it breaks my heart to leave you,Now the carnival has gone,Nick Cave & The Bad Seeds
The Carnival Is Over,Kicking Against The Pricks,How it breaks my heart to leave you,Now the carnival has gone,,Nick Cave & The Bad Seeds
The Carnival Is Over,Kicking Against The Pricks,Now the carnival has gone,,"Oh my love, the dawn is breaking",Nick Cave & The Bad Seeds
The Carnival Is Over,Kicking Against The Pricks,,"Oh my love, the dawn is breaking",And my tears are falling rain,Nick Cave & The Bad Seeds
The Carnival Is Over,Kicking Against The Pricks,"Oh my love, the dawn is breaking",And my tears are falling rain,For the carnival is over,Nick Cave & The Bad Seeds
The Carnival Is Over,Kicking Against The Pricks,And my tears are falling rain,For the carnival is over,We may never meet again,Nick Cave & The Bad Seeds
The Carnival Is Over,Kicking Against The Pricks,For the carnival is over,We may never meet again,,Nick Cave & The Bad Seeds
The Carnival Is Over,Kicking Against The Pricks,We may never meet again,,Like a drum my heart was beating,Nick Cave & The Bad Seeds
The Carnival Is Over,Kicking Against The Pricks,,Like a drum my heart was beating,And your kiss was sweet as wine,Nick Cave & The Bad Seeds
The Carnival Is Over,Kicking Against The Pricks,Like a drum my heart was beating,And your kiss was sweet as wine,But the joys of love are fleeting,Nick Cave & The Bad Seeds
The Carnival Is Over,Kicking Against The Pricks,And your kiss was sweet as wine,But the joys of love are fleeting,For Pierrot and Columbine,Nick Cave & The Bad Seeds
The Carnival Is Over,Kicking Against The Pricks,But the joys of love are fleeting,For Pierrot and Columbine,,Nick Cave & The Bad Seeds
The Carnival Is Over,Kicking Against The Pricks,For Pierrot and Columbine,,Now the cloak of night is falling,Nick Cave & The Bad Seeds
The Carnival Is Over,Kicking Against The Pricks,,Now the cloak of night is falling,This will be our last goodbye,Nick Cave & The Bad Seeds
The Carnival Is Over,Kicking Against The Pricks,Now the cloak of night is falling,This will be our last goodbye,Though the carnival is over,Nick Cave & The Bad Seeds
The Carnival Is Over,Kicking Against The Pricks,This will be our last goodbye,Though the carnival is over,I will love you till I die,Nick Cave & The Bad Seeds
The Carnival Is Over,Kicking Against The Pricks,Though the carnival is over,I will love you till I die,I will love you till I die,Nick Cave & The Bad Seeds
The Carnival Is Over,Kicking Against The Pricks,I will love you till I die,I will love you till I die,"Yeah, I will love you till I die",Nick Cave & The Bad Seeds
The Carnival Is Over,Kicking Against The Pricks,I will love you till I die,"Yeah, I will love you till I die",,Nick Cave & The Bad Seeds